id,text
1,Sample line 1
2,Sample line 2
3,Sample line 3
4,Sample line 4
5,Sample line 5
6,Sample line 6
7,Sample line 7
8,Sample line 8
9,Sample line 9
10,Sample line 10
11,Sample line 11
12,Sample line 12
13,Sample line 13
14,Sample line 14
15,Sample line 15
16,Sample line 16
17,Sample line 17
18,Sample line 18
19,Sample line 19
20,Sample line 20
21,Sample line 21
22,Sample line 22
23,Sample line 23
24,Sample line 24
25,Sample line 25
26,Sample line 26
27,Sample line 27
28,Sample line 28
29,Sample line 29
30,Sample line 30
31,Sample line 31
32,Sample line 32
33,Sample line 33
34,Sample line 34
35,Sample line 35
36,Sample line 36
37,Sample line 37
38,Sample line 38
39,Sample line 39
40,Sample line 40
41,Sample line 41
42,Sample line 42
43,Sample line 43
44,Sample line 44
45,Sample line 45
46,Sample line 46
47,Sample line 47
48,Sample line 48
49,Sample line 49
50,Sample line 50
